{
  "config": {
    "K_NN": 6,
    "SIGMA_M": 300.0,
    "W_DISORDER": 1.0,
    "FEATS_IMD": [
      "gtfs_heavy_stops_300m",
      "infra_cyclable_features_300m",
      "elevation_m",
      "topography_roughness_index"
    ],
    "R_GOE": 0.5295,
    "R_POISSON": 0.3863
  },
  "summary": [
    {
      "slug": "boston_bluebikes",
      "city": "Bluebikes Boston",
      "source": "tier1",
      "N": 497,
      "mean_degree": 1.6180622100170812,
      "W_disorder": 1.0,
      "std_potential": 0.9999999999981694,
      "ipr_H_mean": 0.336938053234368,
      "ipr_H_median": 0.3052285341399299,
      "ipr_H_max": 0.9999992741460172,
      "pr_H_mean": 0.008667153770068063,
      "pr_H_min": 0.0020120738950794963,
      "ipr_L_mean": 0.15992002554949808,
      "pr_L_mean": 0.03421134635715895,
      "r_mean_H": 0.4009933567561606,
      "r_mean_L": 0.4164284051337575,
      "phase_H": "localized_Poisson",
      "phase_L": "localized_Poisson",
      "dist_to_GOE_H": 0.12850664324383937,
      "dist_to_Poisson_H": 0.014693356756160625,
      "mobility_edge_E_c": NaN,
      "frac_localized": 1.0,
      "top_mode_mass_5pct": 1.0,
      "top_mode_xi_proxy": 0.044856146681134974,
      "lambda_min_H": -1.3053651672989266,
      "lambda_max_H": 4.619516021528253,
      "lambda_min_L": -9.913366871099516e-17,
      "lambda_max_L": 1.9985873258214373
    },
    {
      "slug": "dc_capitalbikeshare",
      "city": "Capital Bikeshare DC",
      "source": "tier1",
      "N": 776,
      "mean_degree": 1.5885812522996903,
      "W_disorder": 1.0,
      "std_potential": 0.9999999999977331,
      "ipr_H_mean": 0.37667633257204014,
      "ipr_H_median": 0.3577503075737326,
      "ipr_H_max": 0.9999999999999831,
      "pr_H_mean": 0.005032401916476905,
      "pr_H_min": 0.0012886597938144546,
      "ipr_L_mean": 0.18895921418795192,
      "pr_L_mean": 0.025080504855185374,
      "r_mean_H": 0.4076762380452623,
      "r_mean_L": 0.4067313128862329,
      "phase_H": "localized_Poisson",
      "phase_L": "localized_Poisson",
      "dist_to_GOE_H": 0.12182376195473765,
      "dist_to_Poisson_H": 0.02137623804526234,
      "mobility_edge_E_c": NaN,
      "frac_localized": 1.0,
      "top_mode_mass_5pct": 1.0,
      "top_mode_xi_proxy": 0.03589790793088721,
      "lambda_min_H": -1.8530173684244562,
      "lambda_max_H": 4.682299459823239,
      "lambda_min_L": -3.266616600407602e-16,
      "lambda_max_L": 2.0000000000000004
    },
    {
      "slug": "chicago_divvy",
      "city": "Divvy Chicago",
      "source": "tier1",
      "N": 1345,
      "mean_degree": 1.4847353556913085,
      "W_disorder": 1.0,
      "std_potential": 0.9999999999984645,
      "ipr_H_mean": 0.27455732857103377,
      "ipr_H_median": 0.22724711346610904,
      "ipr_H_max": 0.9999999999405427,
      "pr_H_mean": 0.0048025731370557505,
      "pr_H_min": 0.0007434944238360277,
      "ipr_L_mean": 0.1634082981574376,
      "pr_L_mean": 0.016193499528804695,
      "r_mean_H": 0.39616405777298597,
      "r_mean_L": 0.4061081988277515,
      "phase_H": "localized_Poisson",
      "phase_L": "localized_Poisson",
      "dist_to_GOE_H": 0.133335942227014,
      "dist_to_Poisson_H": 0.00986405777298599,
      "mobility_edge_E_c": 1.7627598148622825,
      "frac_localized": 1.0,
      "top_mode_mass_5pct": 1.0,
      "top_mode_xi_proxy": 0.027267094158271207,
      "lambda_min_H": -0.9670521268570771,
      "lambda_max_H": 10.177905330645357,
      "lambda_min_L": 1.0098832735677172e-16,
      "lambda_max_L": 1.9999780413223784
    },
    {
      "slug": "sf_baywheels",
      "city": "Bay Wheels SF",
      "source": "tier1",
      "N": 560,
      "mean_degree": 1.9143212961100833,
      "W_disorder": 1.0,
      "std_potential": 0.9999999999981103,
      "ipr_H_mean": 0.2940558419970541,
      "ipr_H_median": 0.2576868626861998,
      "ipr_H_max": 0.9816719401035967,
      "pr_H_mean": 0.009423771087965913,
      "pr_H_min": 0.0018190540166869162,
      "ipr_L_mean": 0.12031661583005189,
      "pr_L_mean": 0.04062238791122679,
      "r_mean_H": 0.41006522833172976,
      "r_mean_L": 0.41700288239268357,
      "phase_H": "localized_Poisson",
      "phase_L": "localized_Poisson",
      "dist_to_GOE_H": 0.11943477166827021,
      "dist_to_Poisson_H": 0.023765228331729782,
      "mobility_edge_E_c": NaN,
      "frac_localized": 1.0,
      "top_mode_mass_5pct": 0.999999969803649,
      "top_mode_xi_proxy": 0.04265036947890272,
      "lambda_min_H": -1.2373528835203944,
      "lambda_max_H": 4.956954408459091,
      "lambda_min_L": -1.6832227456201373e-17,
      "lambda_max_L": 1.9983343012501271
    },
    {
      "slug": "london_tfl",
      "city": "Santander Cycles London",
      "source": "tier1",
      "N": 798,
      "mean_degree": 3.1181890041843405,
      "W_disorder": 1.0,
      "std_potential": 0.9999999999982521,
      "ipr_H_mean": 0.24048451353276853,
      "ipr_H_median": 0.1822193161546339,
      "ipr_H_max": 0.9490093986808523,
      "pr_H_mean": 0.009175087444946774,
      "pr_H_min": 0.0013204640900523089,
      "ipr_L_mean": 0.03616164689940128,
      "pr_L_mean": 0.08353601903964186,
      "r_mean_H": 0.39970446998045,
      "r_mean_L": 0.49202539064138984,
      "phase_H": "localized_Poisson",
      "phase_L": "extended_GOE",
      "dist_to_GOE_H": 0.12979553001954997,
      "dist_to_Poisson_H": 0.013404469980450029,
      "mobility_edge_E_c": 2.172967468993038,
      "frac_localized": 1.0,
      "top_mode_mass_5pct": 0.9999999999992878,
      "top_mode_xi_proxy": 0.03633819051703468,
      "lambda_min_H": -1.411024177219312,
      "lambda_max_H": 5.488323560489493,
      "lambda_min_L": -2.5509037102694125e-16,
      "lambda_max_L": 1.6591579072926494
    },
    {
      "slug": "montreal_bixi",
      "city": "BIXI Montr\u00e9al",
      "source": "tier1",
      "N": 1057,
      "mean_degree": 2.4166272749276985,
      "W_disorder": 1.0,
      "std_potential": 0.9999999999982302,
      "ipr_H_mean": 0.27400018880707094,
      "ipr_H_median": 0.22070172154377088,
      "ipr_H_max": 0.9999986460194409,
      "pr_H_mean": 0.008026103313538795,
      "pr_H_min": 0.0009460750747231715,
      "ipr_L_mean": 0.12675750024004853,
      "pr_L_mean": 0.042747755264520126,
      "r_mean_H": 0.3982977670737899,
      "r_mean_L": 0.45115961544670474,
      "phase_H": "localized_Poisson",
      "phase_L": "intermediate",
      "dist_to_GOE_H": 0.13120223292621008,
      "dist_to_Poisson_H": 0.011997767073789911,
      "mobility_edge_E_c": 3.2515900140327907,
      "frac_localized": 1.0,
      "top_mode_mass_5pct": 0.9999999999988071,
      "top_mode_xi_proxy": 0.030758333419143042,
      "lambda_min_H": -1.3631296566942315,
      "lambda_max_H": 6.829455875374628,
      "lambda_min_L": -1.073266569277444e-15,
      "lambda_max_L": 1.9999970501278101
    },
    {
      "slug": "tier2_paris",
      "city": "V\u00e9lib Paris",
      "source": "tier2",
      "N": 1511,
      "mean_degree": 2.805919866581264,
      "W_disorder": 1.0,
      "std_potential": 0.9999999999980838,
      "ipr_H_mean": 0.25016641384847066,
      "ipr_H_median": 0.17960251563310808,
      "ipr_H_max": 0.9999999981830281,
      "pr_H_mean": 0.0057592136343172515,
      "pr_H_min": 0.0006618133698325427,
      "ipr_L_mean": 0.05781802815214555,
      "pr_L_mean": 0.07470122674378475,
      "r_mean_H": 0.3839334796167908,
      "r_mean_L": 0.49017488299834777,
      "phase_H": "localized_Poisson",
      "phase_L": "extended_GOE",
      "dist_to_GOE_H": 0.14556652038320916,
      "dist_to_Poisson_H": 0.0023665203832091697,
      "mobility_edge_E_c": 2.0285675638385423,
      "frac_localized": 1.0,
      "top_mode_mass_5pct": 0.9999999999999978,
      "top_mode_xi_proxy": 0.02572573361116341,
      "lambda_min_H": -1.3775956166177041,
      "lambda_max_H": 7.155440675776396,
      "lambda_min_L": -9.874784262628795e-17,
      "lambda_max_L": 1.9999999999728373
    },
    {
      "slug": "tier2_lyon",
      "city": "V\u00e9lo'v Lyon",