{
  "config": {
    "K_NN": 6,
    "SIGMA_M": 300.0,
    "W_GRID": [
      0.0,
      0.049999999999999996,
      0.06295276165002697,
      0.07926100398730214,
      0.09979398184308938,
      0.12564613506150252,
      0.15819542385547727,
      0.19917677624197705,
      0.25077456241963875,
      0.3157390251178666,
      0.39753287183713876,
      0.5005158425762822,
      0.6301770907953425,
      0.793427763882932,
      0.998969378124722,
      1.2577576231352259,
      1.5835863172547269,
      1.9938226396476164,
      2.5103328281232806,
      3.16064768382166,
      3.979430005986696,
      5.010322173396916,
      6.308272351434023,
      7.942463315265625,
      10.0
    ],
    "FEATS_IMD": [
      "gtfs_heavy_stops_300m",
      "infra_cyclable_features_300m",
      "elevation_m",
      "topography_roughness_index"
    ],
    "FSS_FRACTIONS": [
      0.4,
      0.7,
      1.0
    ],
    "N_FSS_REPS": 3,
    "R_GOE": 0.5295,
    "R_POISSON": 0.3863
  },
  "subject": {
    "slug": "tier2_paris",
    "pretty": "V\u00e9lib Paris",
    "N": 1511
  },
  "W_critical": {
    "IMD_composite": 0.0,
    "IMD_r_at_W_c": 0.29156856557378763,
    "IMD_by_frac_localized": 0.0,
    "synthetic_Gaussian": 0.0,
    "synthetic_r_at_W_c": 0.2944916587791951,
    "synthetic_by_frac_localized": 0.0,
    "IMD_composite_fixed": 0.246260445060749,
    "synthetic_Gaussian_fixed": 0.17572318178100724
  },
  "wall_time_s": 171.4
}