{
  "config": {
    "K_NN": 6,
    "SIGMA_M": 300.0,
    "D_RANGE": [
      2,
      4,
      8,
      16,
      32
    ],
    "FEATS_IMD": [
      "gtfs_heavy_stops_300m",
      "infra_cyclable_features_300m",
      "elevation_m",
      "topography_roughness_index"
    ]
  },
  "rows": [
    {
      "slug": "boston_bluebikes",
      "city": "Bluebikes Boston",
      "source": "tier1",
      "N": 497,
      "d_eff_2": 0.5806464295416115,
      "d_eff_ratio_2": 0.29032321477080575,
      "mean_IPR_top2": 0.050790384747318854,
      "max_IPR_top2": 0.09798850575361762,
      "frac_localized_top2": 0.5,
      "d_eff_4": 0.5945078784665361,
      "d_eff_ratio_4": 0.14862696961663402,
      "mean_IPR_top4": 0.17701074103742856,
      "max_IPR_top4": 0.3658208253306804,
      "frac_localized_top4": 0.75,
      "d_eff_8": 0.7680893706530904,
      "d_eff_ratio_8": 0.0960111713316363,
      "mean_IPR_top8": 0.18383394227303723,
      "max_IPR_top8": 0.38208344645466935,
      "frac_localized_top8": 0.875,
      "d_eff_16": 1.5562127868124649,
      "d_eff_ratio_16": 0.09726329917577906,
      "mean_IPR_top16": 0.1398947741020089,
      "max_IPR_top16": 0.449577246536683,
      "frac_localized_top16": 0.875,
      "d_eff_32": 2.732565954813143,
      "d_eff_ratio_32": 0.08539268608791072,
      "mean_IPR_top32": 0.11477575741447313,
      "max_IPR_top32": 0.449577246536683,
      "frac_localized_top32": 0.9375,
      "R2spec_lowfreq_2": 0.07131193201085767,
      "R2spec_lowfreq_4": 0.08227272891118555,
      "R2spec_lowfreq_8": 0.11528675084578535,
      "R2spec_lowfreq_16": 0.3407978857741014,
      "R2spec_lowfreq_32": 0.46617380698234184,
      "R2spec_IMD_subspace": 0.10627328969103848,
      "N_with_demand": 493
    },
    {
      "slug": "dc_capitalbikeshare",
      "city": "Capital Bikeshare DC",
      "source": "tier1",
      "N": 776,
      "d_eff_2": 0.011650175058836277,
      "d_eff_ratio_2": 0.005825087529418138,
      "mean_IPR_top2": 0.22280609535813045,
      "max_IPR_top2": 0.24157026041349894,
      "frac_localized_top2": 1.0,
      "d_eff_4": 0.03303226870211131,
      "d_eff_ratio_4": 0.008258067175527828,
      "mean_IPR_top4": 0.19457988051192834,
      "max_IPR_top4": 0.25365703278329077,
      "frac_localized_top4": 1.0,
      "d_eff_8": 0.5917941259674661,
      "d_eff_ratio_8": 0.07397426574593326,
      "mean_IPR_top8": 0.17864929670754698,
      "max_IPR_top8": 0.4209357676081239,
      "frac_localized_top8": 0.875,
      "d_eff_16": 0.7180274833015324,
      "d_eff_ratio_16": 0.04487671770634578,
      "mean_IPR_top16": 0.15397960318682258,
      "max_IPR_top16": 0.4209357676081239,
      "frac_localized_top16": 0.9375,
      "d_eff_32": 1.1045653598026375,
      "d_eff_ratio_32": 0.03451766749383242,
      "mean_IPR_top32": 0.15651510470493152,
      "max_IPR_top32": 0.49793628855341443,
      "frac_localized_top32": 0.96875,
      "R2spec_lowfreq_2": 0.009936730820846288,
      "R2spec_lowfreq_4": 0.021162169520574575,
      "R2spec_lowfreq_8": 0.1282881521786429,
      "R2spec_lowfreq_16": 0.17227539750205256,
      "R2spec_lowfreq_32": 0.48224680527159675,
      "R2spec_IMD_subspace": 0.2679812070758887,
      "N_with_demand": 765
    },
    {
      "slug": "chicago_divvy",
      "city": "Divvy Chicago",
      "source": "tier1",
      "N": 1345,
      "d_eff_2": 0.6252561627450351,
      "d_eff_ratio_2": 0.3126280813725176,
      "mean_IPR_top2": 0.12448786415495018,
      "max_IPR_top2": 0.24778089055645147,
      "frac_localized_top2": 0.5,
      "d_eff_4": 0.6298556186120486,
      "d_eff_ratio_4": 0.15746390465301216,
      "mean_IPR_top4": 0.24038840269025621,
      "max_IPR_top4": 0.46470838152208094,
      "frac_localized_top4": 0.75,
      "d_eff_8": 0.6513727407001382,
      "d_eff_ratio_8": 0.08142159258751727,
      "mean_IPR_top8": 0.23203054486553665,
      "max_IPR_top8": 0.48899081970311326,
      "frac_localized_top8": 0.875,
      "d_eff_16": 0.9024182313755889,
      "d_eff_ratio_16": 0.0564011394609743,
      "mean_IPR_top16": 0.17521033986212597,
      "max_IPR_top16": 0.48899081970311326,
      "frac_localized_top16": 0.9375,
      "d_eff_32": 2.076564485024998,
      "d_eff_ratio_32": 0.06489264015703118,
      "mean_IPR_top32": 0.11855899386311733,
      "max_IPR_top32": 0.48899081970311326,
      "frac_localized_top32": 0.9375,
      "R2spec_lowfreq_2": 0.022192858179242495,
      "R2spec_lowfreq_4": 0.022409556433704538,
      "R2spec_lowfreq_8": 0.03477146663058297,
      "R2spec_lowfreq_16": 0.15017520746327614,
      "R2spec_lowfreq_32": 0.5082969610950149,
      "R2spec_IMD_subspace": 0.3169825371438143,
      "N_with_demand": 1337
    },
    {
      "slug": "sf_baywheels",
      "city": "Bay Wheels SF",
      "source": "tier1",
      "N": 560,
      "d_eff_2": 0.5802183287724787,
      "d_eff_ratio_2": 0.29010916438623935,
      "mean_IPR_top2": 0.010307167094520562,
      "max_IPR_top2": 0.016848863965800317,
      "frac_localized_top2": 0.5,
      "d_eff_4": 0.7747659097097053,
      "d_eff_ratio_4": 0.19369147742742632,
      "mean_IPR_top4": 0.027030928510488744,
      "max_IPR_top4": 0.07708997704887133,
      "frac_localized_top4": 0.75,
      "d_eff_8": 0.8785353217562513,
      "d_eff_ratio_8": 0.10981691521953141,
      "mean_IPR_top8": 0.1071268630904426,
      "max_IPR_top8": 0.4755270110056163,
      "frac_localized_top8": 0.875,
      "d_eff_16": 1.5553227942319148,
      "d_eff_ratio_16": 0.09720767463949467,
      "mean_IPR_top16": 0.07684923812005684,
      "max_IPR_top16": 0.4755270110056163,
      "frac_localized_top16": 0.875,
      "d_eff_32": 2.4412689684664874,
      "d_eff_ratio_32": 0.07628965526457773,
      "mean_IPR_top32": 0.06800353832750378,
      "max_IPR_top32": 0.4755270110056163,
      "frac_localized_top32": 0.9375,
      "R2spec_lowfreq_2": 0.18613434115816907,
      "R2spec_lowfreq_4": 0.27497326067391353,
      "R2spec_lowfreq_8": 0.3697720789108237,
      "R2spec_lowfreq_16": 0.3905900309757798,
      "R2spec_lowfreq_32": 0.4348188400553645,
      "R2spec_IMD_subspace": 0.15409801726094963,
      "N_with_demand": 552
    },
    {
      "slug": "london_tfl",
      "city": "Santander Cycles London",
      "source": "tier1",
      "N": 798,
      "d_eff_2": 1.3818802361667515,
      "d_eff_ratio_2": 0.6909401180833757,
      "mean_IPR_top2": 0.0019307536794566965,
      "max_IPR_top2": 0.002406224402793728,
      "frac_localized_top2": 0.0,
      "d_eff_4": 2.025804466647722,
      "d_eff_ratio_4": 0.5064511166619305,
      "mean_IPR_top4": 0.003044647625759776,
      "max_IPR_top4": 0.00521101356098435,
      "frac_localized_top4": 0.0,
      "d_eff_8": 2.945100014457957,
      "d_eff_ratio_8": 0.36813750180724464,
      "mean_IPR_top8": 0.010543114608534934,
      "max_IPR_top8": 0.05862739783502557,
      "frac_localized_top8": 0.125,
      "d_eff_16": 4.667269642399343,
      "d_eff_ratio_16": 0.2917043526499589,
      "mean_IPR_top16": 0.008976001685443703,
      "max_IPR_top16": 0.05862739783502557,
      "frac_localized_top16": 0.3125,
      "d_eff_32": 7.543418496596615,
      "d_eff_ratio_32": 0.23573182801864423,
      "mean_IPR_top32": 0.00896943665861032,
      "max_IPR_top32": 0.05862739783502557,
      "frac_localized_top32": 0.375,
      "R2spec_lowfreq_2": 0.008419078832760295,
      "R2spec_lowfreq_4": 0.10874179412792011,
      "R2spec_lowfreq_8": 0.13707692225634424,
      "R2spec_lowfreq_16": 0.198696434155781,
      "R2spec_lowfreq_32": 0.291242588233287,
      "R2spec_IMD_subspace": 0.12634998548328957,
      "N_with_demand": 788
    },
    {
      "slug": "montreal_bixi",
      "city": "BIXI Montr\u00e9al",
      "source": "tier1",
      "N": 1057,
      "d_eff_2": 0.5698292787685961,
      "d_eff_ratio_2": 0.28491463938429806,
      "mean_IPR_top2": 0.13714100286579028,
      "max_IPR_top2": 0.2726115564008641,
      "frac_localized_top2": 0.5,
      "d_eff_4": 0.5900350963624768,
      "d_eff_ratio_4": 0.1475087740906192,